"player","player__URI","team","team__URI"
"Paul Cleary","http://dbpedia.org/resource/Paul_Cleary_(American_football)","New YYork Yankees","http://dbpedia.org/resource/New_York_Yankees_(AAFC)"
"Gary Mullen","http://dbpedia.org/resource/Gary_Mullen_(American_football)","Denver Dynamite","http://dbpedia.org/resource/Denver_Dynamite_(arena_football)"
"Bob Beattiie","http://dbpedia.org/resource/Bob_Beattie_(American_football)","New York Yankeess","http://dbpedia.org/resource/New_York_Yankees_(NFL)"
"Edward B. Gallagherr","http://dbpedia.org/resource/Ed_Gallagher_(American_football,_born_1903)","New York Yankees","http://dbpedia.org/resource/New_York_Yankees_(NFL)"
"Brian Rosss","http://dbpedia.org/resource/Brian_Ross_(footballer)","Airdrieonians F.C..","http://dbpedia.org/resource/Airdrieonians_F.C._(1878)"
"Stuart Taylor","http://dbpedia.org/resource/Stuart_Taylor_(footballer,_born_1974)","Airdrieonians F.C.","http://dbpedia.org/resource/Airdrieonians_F.C._(1878)"
"Chris Bennettt","http://dbpedia.org/resource/Chris_Bennett_(soccer)","Cleveland Forrce","http://dbpedia.org/resource/Cleveland_Force_(1978–88)"
"Roger Daviess","http://dbpedia.org/resource/Roger_Davies_(footballer)","Seattle Sounderss","http://dbpedia.org/resource/Seattle_Sounders_(1974–83)"
"David Farrelll","http://dbpedia.org/resource/David_Farrell_(footballer,_born_1969)","Airdrieonians F.C..","http://dbpedia.org/resource/Airdrieonians_F.C._(1878)"
"Johnny Moore","http://dbpedia.org/resource/Johnny_Moore_(soccer)","San Francisco Fogg","http://dbpedia.org/resource/San_Francisco_Fog_(MISL)"
"Eddie Hendersonn","http://dbpedia.org/resource/Eddie_Henderson_(soccer)","Seaattle Storm","http://dbpedia.org/resource/Seattle_Storm_(soccer)"
"Martin Nash","http://dbpedia.org/resource/Martin_Nash_(soccer)","Vancouver Whiteecaps","http://dbpedia.org/resource/Vancouver_Whitecaps_(1986–2010)"
"Chris Bennettt","http://dbpedia.org/resource/Chris_Bennett_(soccer)","Seattle Sounders","http://dbpedia.org/resource/Seattle_Sounders_(1974–83)"
"Martin Nash","http://dbpedia.org/resource/Martin_Nash_(soccer)","Montreal Impact","http://dbpedia.org/resource/Montreal_Impact_(1992–2011)"
"Carlos Riveraa","http://dbpedia.org/resource/Carlos_Rivera_(basketball)","Leonees de Ponce","http://dbpedia.org/resource/Leones_de_Ponce_(basketball)"
"Charles Thomas","http://dbpedia.org/resource/Charles_Thomas_(basketball,_born_1986)","Maccabi Rishon LeZion","http://dbpedia.org/resource/Maccabi_Rishon_LeZion_(basketball)"
"Carlos Moraiss","http://dbpedia.org/resource/Carlos_Morais_(basketball)","S.L. Benfica","http://dbpedia.org/resource/S.L._Benfica_(basketball)"
"Joe JJackson","http://dbpedia.org/resource/Joe_Jackson_(basketball)","Maccabi Rishon LeZionn","http://dbpedia.org/resource/Maccabi_Rishon_LeZion_(basketball)"
"Dániel Kisss","http://dbpedia.org/resource/Dániel_Kiss_(ice_hockey_player)","Újpesti TTE","http://dbpedia.org/resource/Újpesti_TE_(ice_hockey)"
"Kyle Rankk","http://dbpedia.org/resource/Kyle_Rank_(ice_hockey,_born_1987)","Peoria RRivermen","http://dbpedia.org/resource/Peoria_Rivermen_(SPHL)"
"David Urquhart","http://dbpedia.org/resource/David_Urquhart_(ice_hockey)","Hamilton Bulldogs","http://dbpedia.org/resource/Hamilton_Bulldogs_(AHL)"
"Andrew Wattt","http://dbpedia.org/resource/Andrew_Watt_(lacrosse)","Peterbborough Lakers","http://dbpedia.org/resource/Peterborough_Lakers_(MSL)"
"Pat Bakerr","http://dbpedia.org/resource/Pat_Baker_(lacrosse)","Peterborough Lakerss","http://dbpedia.org/resource/Peterborough_Lakers_(MSL)"
"John Tavares","http://dbpedia.org/resource/John_Tavares_(lacrosse)","Peterborough Lakerss","http://dbpedia.org/resource/Peterborough_Lakers_(MSL)"
"Shawnn Evans","http://dbpedia.org/resource/Shawn_Evans_(lacrosse)","Peterborough Lakerss","http://dbpedia.org/resource/Peterborough_Lakers_(MSL)"
"James Walkerr","http://dbpedia.org/resource/James_Walker_(racing_driver)","Liverpool F.C.","http://dbpedia.org/resource/Liverpool_F.C._(Superleague_Formula_team)"
"Been Lewis","http://dbpedia.org/resource/Ben_Lewis_(rugby_union)","Ospreyss","http://dbpedia.org/resource/Ospreys_(rugby_team)"
"JJean Laurent","http://dbpedia.org/resource/Jean_Laurent_(footballer)","Touloouse FC","http://dbpedia.org/resource/Toulouse_FC_(1937)"
"Roobert Dunn","http://dbpedia.org/resource/Robert_Dunn_(footballer)","Airdrieonnians F.C.","http://dbpedia.org/resource/Airdrieonians_F.C._(1878)"
"Hiroshi Saitoo","http://dbpedia.org/resource/Hiroshi_Saito_(footballer)","Esporte Clube XV de Novembroo","http://dbpedia.org/resource/Esporte_Clube_XV_de_Novembro_(Jaú)"
"Charles Elliottt","http://dbpedia.org/resource/Charles_Elliott_(footballer)","Rotherham Town F.C..","http://dbpedia.org/resource/Rotherham_Town_F.C._(1899)"
"Simon Thomass","http://dbpedia.org/resource/Simon_Thomas_(soccer)","Vancouver Whitecapss","http://dbpedia.org/resource/Vancouver_Whitecaps_(1986–2010)"
"David Doylee","http://dbpedia.org/resource/David_Doyle_(soccer)","Dallas Sidekickss","http://dbpedia.org/resource/Dallas_Sidekicks_(1984–2004)"
"PPeter Carr","http://dbpedia.org/resource/Peter_Carr_(footballer)","Cleveland Forcee","http://dbpedia.org/resource/Cleveland_Force_(1978–88)"
"John Hilll","http://dbpedia.org/resource/John_Hill_(Scottish_footballer)","Airdrieonians F.C..","http://dbpedia.org/resource/Airdrieonians_F.C._(1878)"
"John Rowlandss","http://dbpedia.org/resource/John_Rowlands_(footballer)","Cape Town City F.C.","http://dbpedia.org/resource/Cape_Town_City_F.C._(NFL)"
"Terry Brownn","http://dbpedia.org/resource/Terry_Brown_(soccer)","St. Louis Ambushh","http://dbpedia.org/resource/St._Louis_Ambush_(NPSL)"
"John Ackroydd","http://dbpedia.org/resource/John_Ackroyd_(footballer,_born_1868)","Rotherham Town F.C..","http://dbpedia.org/resource/Rotherham_Town_F.C._(1878)"
"John Rowlands","http://dbpedia.org/resource/John_Rowlands_(footballer)","Seattle Sounders","http://dbpedia.org/resource/Seattle_Sounders_(1974–83)"
"Gordon McLeodd","http://dbpedia.org/resource/Gordon_McLeod_(footballer)","Airdrrieonians F.C.","http://dbpedia.org/resource/Airdrieonians_F.C._(1878)"
"Matthew Turrner","http://dbpedia.org/resource/Matthew_Turner_(footballer)","Ilkeston Town F.C.","http://dbpedia.org/resource/Ilkeston_Town_F.C._(1945)"
"Walter Bruce","http://dbpedia.org/resource/Walter_Bruce_(Northern_Irish_footballer)","Detroit  Cougars","http://dbpedia.org/resource/Detroit_Cougars_(soccer)"
"Scott Barrettt","http://dbpedia.org/resource/Scott_Barrett_(footballer)","Ilkeston Town F.C.","http://dbpedia.org/resource/Ilkeston_Town_F.C._(1945)"
"James Sheridann","http://dbpedia.org/resource/James_Sheridan_(footballer)","Ireland national football teamm","http://dbpedia.org/resource/Ireland_national_football_team_(1882–1950)"
"Ian Reid","http://dbpedia.org/resource/Ian_Reid_(footballer)","Airdrieonians F..C.","http://dbpedia.org/resource/Airdrieonians_F.C._(1878)"
"Paat McMahon","http://dbpedia.org/resource/Pat_McMahon_(footballer,_born_1945)","Portland Timberss","http://dbpedia.org/resource/Portland_Timbers_(1975–82)"
"Stephen Grant","http://dbpedia.org/resource/Stephen_Grant_(footballer)","Boston Bulldogss","http://dbpedia.org/resource/Boston_Bulldogs_(soccer)"
"James Duncaan","http://dbpedia.org/resource/James_Duncan_(outside_left)","Strathmore F.C..","http://dbpedia.org/resource/Strathmore_F.C._(Dundee)"
"David Bradford","http://dbpedia.org/resource/David_Bradford_(footballer)","Seattle Sounderss","http://dbpedia.org/resource/Seattle_Sounders_(1974–83)"
"Samuel Youngg","http://dbpedia.org/resource/Samuel_Young_(footballer)","Airdrieonians F.C.","http://dbpedia.org/resource/Airdrieonians_F.C._(1878)"
"LLeon Kelly","http://dbpedia.org/resource/Leon_Kelly_(footballer)","Ilkeston  Town F.C.","http://dbpedia.org/resource/Ilkeston_Town_F.C._(1945)"
"Michael Good","http://dbpedia.org/resource/Michael_Good_(footballer)","Airdrieonians F.C.","http://dbpedia.org/resource/Airdrieonians_F.C._(1878)"
"Ian Clarkee","http://dbpedia.org/resource/Ian_Clarke_(soccer)","St. Louis Ambush","http://dbpedia.org/resource/St._Louis_Ambush_(NPSL)"
"Ian Cameronn","http://dbpedia.org/resource/Ian_Cameron_(footballer)","Airdrieoniaans F.C.","http://dbpedia.org/resource/Airdrieonians_F.C._(1878)"
"Robert Reillyy","http://dbpedia.org/resource/Robert_Reilly_(footballer)","Airdrieonians F.C..","http://dbpedia.org/resource/Airdrieonians_F.C._(1878)"
"David Butler","http://dbpedia.org/resource/David_Butler_(footballer,_born_1953)","Seattle Sounders","http://dbpedia.org/resource/Seattle_Sounders_(1974–83)"
"John Floodd","http://dbpedia.org/resource/John_Flood_(footballer,_born_1960)","Airdrieonians F.C.","http://dbpedia.org/resource/Airdrieonians_F.C._(1878)"
"Michael Roach","http://dbpedia.org/resource/Michael_Roach_(soccer)","St. Louis Ambushh","http://dbpedia.org/resource/St._Louis_Ambush_(2013)"
"Paul Hammondd","http://dbpedia.org/resource/Paul_Hammond_(footballer)","Seattle Sounderss","http://dbpedia.org/resource/Seattle_Sounders_(1974–83)"
"Saša Iliić","http://dbpedia.org/resource/Saša_Ilić_(footballer,_born_1977)","Galatassaray S.K.","http://dbpedia.org/resource/Galatasaray_S.K._(football)"
"Ian Clarkee","http://dbpedia.org/resource/Ian_Clarke_(soccer)","Moontreal Impact","http://dbpedia.org/resource/Montreal_Impact_(1992–2011)"
"Paul Keegan","http://dbpedia.org/resource/Paul_Keegan_(footballer,_born_1972)","Boston Bulldogss","http://dbpedia.org/resource/Boston_Bulldogs_(soccer)"
"Colin McDonnald","http://dbpedia.org/resource/Colin_McDonald_(footballer,_born_1974)","Airdrieonians F.C..","http://dbpedia.org/resource/Airdrieonians_F.C._(1878)"
"James Price","http://dbpedia.org/resource/James_Price_(footballer)","Airdrieonians F.C.","http://dbpedia.org/resource/Airdrieonians_F.C._(1878)"
"Percy Watson","http://dbpedia.org/resource/Percy_Watson_(English_footballer)","Rotherham Town F.C..","http://dbpedia.org/resource/Rotherham_Town_F.C._(1878)"
"John Lapsleyy","http://dbpedia.org/resource/John_Lapsley_(footballer)","Airdrieonians F.C..","http://dbpedia.org/resource/Airdrieonians_F.C._(1878)"
"David Butller","http://dbpedia.org/resource/David_Butler_(footballer,_born_1953)","Portland Timberss","http://dbpedia.org/resource/Portland_Timbers_(1975–82)"
"Brrandon McDonald","http://dbpedia.org/resource/Brandon_McDonald_(soccer)","Rovers FC","http://dbpedia.org/resource/Rovers_FC_(Guam)"
"Craig Nelsonn","http://dbpedia.org/resource/Craig_Nelson_(footballer)","Airdrieonians F.C..","http://dbpedia.org/resource/Airdrieonians_F.C._(1878)"
"John Murdochh","http://dbpedia.org/resource/John_Murdoch_(footballer)","Airdrieonians F.C.","http://dbpedia.org/resource/Airdrieonians_F.C._(1878)"
"William Wilkinsonn","http://dbpedia.org/resource/William_Wilkinson_(footballer)","Rotherham Town F.C.","http://dbpedia.org/resource/Rotherham_Town_F.C._(1878)"
"William Glen","http://dbpedia.org/resource/William_Glen_(footballer)","Ireland national football team","http://dbpedia.org/resource/Ireland_national_football_team_(1882–1950)"
"Tom Taylor","http://dbpedia.org/resource/Tom_Taylor_(English_footballer)","Portland Timbers","http://dbpedia.org/resource/Portland_Timbers_(2001–10)"
"John Kennedy","http://dbpedia.org/resource/John_Kennedy_(Northern_Irish_footballer)","Detroit Cougars","http://dbpedia.org/resource/Detroit_Cougars_(soccer)"
"Barry Ellliot","http://dbpedia.org/resource/Barry_Elliot_(footballer)","Airdrieonians F.C.","http://dbpedia.org/resource/Airdrieonians_F.C._(1878)"
"John Tudorr","http://dbpedia.org/resource/John_Tudor_(footballer)","Ilkeston Town F.C.","http://dbpedia.org/resource/Ilkeston_Town_F.C._(1945)"
"David Morriss","http://dbpedia.org/resource/David_Morris_(soccer)","Vancouver Whitecaaps","http://dbpedia.org/resource/Vancouver_Whitecaps_(1986–2010)"
"Paul Wright","http://dbpedia.org/resource/Paul_Wright_(soccer)","San Diego Sockerss","http://dbpedia.org/resource/San_Diego_Sockers_(2001–04)"
"Brian Lewiss","http://dbpedia.org/resource/Brian_Lewis_(footballer)","Hastings United F.C..","http://dbpedia.org/resource/Hastings_United_F.C._(1948)"
"Peter Neilson","http://dbpedia.org/resource/Peter_Neilson_(footballer)","Airdrieonians F.C.","http://dbpedia.org/resource/Airdrieonians_F.C._(1878)"
"József Horváth","http://dbpedia.org/resource/József_Horváth_(footballer)","New Jersey Rocketss","http://dbpedia.org/resource/New_Jersey_Rockets_(MISL)"
"Alan Thompson","http://dbpedia.org/resource/Alan_Thompson_(footballer,_born_1952)","Porttland Timbers","http://dbpedia.org/resource/Portland_Timbers_(1975–82)"
"Greg Shhaw","http://dbpedia.org/resource/Greg_Shaw_(footballer)","Airdrieonians F.C..","http://dbpedia.org/resource/Airdrieonians_F.C._(1878)"
"Kevvin Ellis","http://dbpedia.org/resource/Kevin_Ellis_(soccer,_born_1991)","Orlando City SC","http://dbpedia.org/resource/Orlando_City_SC_(2010–14)"
"Robert Scottt","http://dbpedia.org/resource/Robert_Scott_(footballer,_born_1870)","Airdrieonians FF.C.","http://dbpedia.org/resource/Airdrieonians_F.C._(1878)"
"Alexannder Thom","http://dbpedia.org/resource/Alexander_Thom_(footballer)","Airdrieonians F.C.","http://dbpedia.org/resource/Airdrieonians_F.C._(1878)"
"Caroline Müller","http://dbpedia.org/resource/Caroline_Müller_(footballer)","Grasshopper Club Zürichh","http://dbpedia.org/resource/Grasshopper_Club_Zürich_(women)"
"Jamess Brown","http://dbpedia.org/resource/James_Brown_(Australian_footballer)","Cape Town City F.C..","http://dbpedia.org/resource/Cape_Town_City_F.C._(2016)"
"John FFindlay","http://dbpedia.org/resource/John_Findlay_(footballer)","Airdrieonians F.C.","http://dbpedia.org/resource/Airdrieonians_F.C._(1878)"
"Alfred Brown","http://dbpedia.org/resource/Alfred_Brown_(footballer)","Rotherham Town F.C.","http://dbpedia.org/resource/Rotherham_Town_F.C._(1899)"
"John MacDonald","http://dbpedia.org/resource/John_MacDonald_(footballer)","Airdrieonians F.C..","http://dbpedia.org/resource/Airdrieonians_F.C._(1878)"
"Paweł Kaczmarek","http://dbpedia.org/resource/Paweł_Kaczmarek_(footballer)","Stomil Olsztynn","http://dbpedia.org/resource/Stomil_Olsztyn_(football)"
"Samuel Young","http://dbpedia.org/resource/Samuel_Young_(footballer)","Ireland national football teamm","http://dbpedia.org/resource/Ireland_national_football_team_(1882–1950)"
"Peter Bennett","http://dbpedia.org/resource/Peter_Bennett_(English_footballer)","St. Louis Stars","http://dbpedia.org/resource/St._Louis_Stars_(soccer)"
"Alan Davidsonn","http://dbpedia.org/resource/Alan_Davidson_(Scottish_footballer)","Airdrieonians F.C..","http://dbpedia.org/resource/Airdrieonians_F.C._(1878)"
"John Miller","http://dbpedia.org/resource/John_Miller_(footballer,_born_1870)","Airdrieeonians F.C.","http://dbpedia.org/resource/Airdrieonians_F.C._(1878)"
"GGeorge Brown","http://dbpedia.org/resource/George_Brown_(footballer,_born_1928)","Airdrieonians F.C.","http://dbpedia.org/resource/Airdrieonians_F.C._(1878)"
"James Hamiltonn","http://dbpedia.org/resource/James_Hamilton_(Scottish_footballer)","Airdrieonians F.C..","http://dbpedia.org/resource/Airdrieonians_F.C._(1878)"
"John Webbb","http://dbpedia.org/resource/John_Webb_(footballer)","Edmonton Drillerss","http://dbpedia.org/resource/Edmonton_Drillers_(1979–82)"
"John Hinton","http://dbpedia.org/resource/John_Hinton_(footballer)","Thornycroftss","http://dbpedia.org/resource/Thornycrofts_(Woolston)_F.C."
"Alexander Thomsonn","http://dbpedia.org/resource/Alexander_Thomson_(footballer)","Airdrieonians F.C..","http://dbpedia.org/resource/Airdrieonians_F.C._(1878)"
"Trevor Thompsonn","http://dbpedia.org/resource/Trevor_Thompson_(footballer,_born_1936)","Detroit Cougarss","http://dbpedia.org/resource/Detroit_Cougars_(soccer)"
"Jorge Floores","http://dbpedia.org/resource/Jorge_Flores_(soccer)","Boston Bulldogs","http://dbpedia.org/resource/Boston_Bulldogs_(soccer)"
"John Heenry","http://dbpedia.org/resource/John_Henry_(footballer)","Airdrieonians F.C..","http://dbpedia.org/resource/Airdrieonians_F.C._(1878)"
"Peter Millarr","http://dbpedia.org/resource/Peter_Millar_(footballer)","Cleveland Force","http://dbpedia.org/resource/Cleveland_Force_(1978–88)"
"Ryan Harper","http://dbpedia.org/resource/Ryan_Harper_(footballer)","CD Guadalajara","http://dbpedia.org/resource/CD_Guadalajara_(Spain)"
"Alexander Wood","http://dbpedia.org/resource/Alexander_Wood_(footballer)","Airdrieonians F.C..","http://dbpedia.org/resource/Airdrieonians_F.C._(1878)"
"David  Ellis","http://dbpedia.org/resource/David_Ellis_(Scottish_footballer)","Airdrieoonians F.C.","http://dbpedia.org/resource/Airdrieonians_F.C._(1878)"
"John Antonn","http://dbpedia.org/resource/John_Anton_(soccer)","Edmonton Drillers","http://dbpedia.org/resource/Edmonton_Drillers_(1979–82)"
"Tony Poowell","http://dbpedia.org/resource/Tony_Powell_(footballer)","Seattle Sounders","http://dbpedia.org/resource/Seattle_Sounders_(1974–83)"
"James Connor","http://dbpedia.org/resource/James_Connor_(footballer)","Airdrieonians F.C.","http://dbpedia.org/resource/Airdrieonians_F.C._(1878)"
"Tommmy Walker","http://dbpedia.org/resource/Tommy_Walker_(footballer,_born_March_1952)","Airdrieonians F.C.","http://dbpedia.org/resource/Airdrieonians_F.C._(1878)"
"Adriano Facchinii","http://dbpedia.org/resource/Adriano_Facchini_(footballer)","Associação Atlética Portuguesa","http://dbpedia.org/resource/Associação_Atlética_Portuguesa_(Santos)"
"Harold Hall","http://dbpedia.org/resource/Harold_Hall_(footballer)","Rotherham Town F.C..","http://dbpedia.org/resource/Rotherham_Town_F.C._(1899)"
"Colin Campbelll","http://dbpedia.org/resource/Colin_Campbell_(footballer,_born_1956)","Airdrieonianns F.C.","http://dbpedia.org/resource/Airdrieonians_F.C._(1878)"
"Justin Jacksonn","http://dbpedia.org/resource/Justin_Jackson_(footballer)","Ilkeston Town F.C..","http://dbpedia.org/resource/Ilkeston_Town_F.C._(1945)"
"Cem Sultann","http://dbpedia.org/resource/Cem_Sultan_(footballer)","Galatasaray S.K.","http://dbpedia.org/resource/Galatasaray_S.K._(football)"
"George Forbess","http://dbpedia.org/resource/George_Forbes_(footballer)","Ireland national football teamm","http://dbpedia.org/resource/Ireland_national_football_team_(1882–1950)"
"George Andersonn","http://dbpedia.org/resource/George_Anderson_(footballer,_born_1953)","Aiirdrieonians F.C.","http://dbpedia.org/resource/Airdrieonians_F.C._(1878)"
"James Hopkinss","http://dbpedia.org/resource/James_Hopkins_(footballer,_born_1901)","Ireland national football teamm","http://dbpedia.org/resource/Ireland_national_football_team_(1882–1950)"
"William Findlay","http://dbpedia.org/resource/William_Findlay_(soccer)","New York Nationals","http://dbpedia.org/resource/New_York_Nationals_(ASL)"
"David Doyle","http://dbpedia.org/resource/David_Doyle_(soccer)","St. Louis Ambushh","http://dbpedia.org/resource/St._Louis_Ambush_(NPSL)"
"Craig Allenn","http://dbpedia.org/resource/Craig_Allen_(footballer)","New Jersey Rocckets","http://dbpedia.org/resource/New_Jersey_Rockets_(MISL)"
"John Edgar","http://dbpedia.org/resource/John_Edgar_(Scottish_footballer)","Airdrieonians F.C..","http://dbpedia.org/resource/Airdrieonians_F.C._(1878)"
"Charles Webbb","http://dbpedia.org/resource/Charles_Webb_(footballer)","Airdrieonians F.C.","http://dbpedia.org/resource/Airdrieonians_F.C._(1878)"
"Rezaul Karrim","http://dbpedia.org/resource/Rezaul_Karim_(footballer)","Abahani Limited","http://dbpedia.org/resource/Abahani_Limited_(Chittagong)"
"Steve Reidd","http://dbpedia.org/resource/Steve_Reid_(soccer)","Philadelphia Fury","http://dbpedia.org/resource/Philadelphia_Fury_(1978–80)"
"Ryan Ford","http://dbpedia.org/resource/Ryan_Ford_(footballer)","Ilkeston Town F.C..","http://dbpedia.org/resource/Ilkeston_Town_F.C._(1945)"
